<?xml version="1.0" encoding="UTF-8"?>
<project-private xmlns="http://www.netbeans.org/ns/project-private/1">
    <editor-bookmarks xmlns="http://www.netbeans.org/ns/editor-bookmarks/2" lastBookmarkId="0"/>
    <open-files xmlns="http://www.netbeans.org/ns/projectui-open-files/2">
        <group>
            <file>file:/C:/Users/USER/Downloads/Compressed/WannaEat1/WannaEat1/WannaEat1/src/login/NerdyBeans.java</file>
            <file>file:/C:/Users/USER/Downloads/Compressed/WannaEat1/WannaEat1/WannaEat1/src/login/SignInPage.java</file>
            <file>file:/C:/Users/USER/Downloads/Compressed/WannaEat1/WannaEat1/WannaEat1/src/login/MrBaker.java</file>
            <file>file:/C:/Users/USER/Downloads/Compressed/WannaEat1/WannaEat1/WannaEat1/src/login/Takeout.java</file>
            <file>file:/C:/Users/USER/Downloads/Compressed/WannaEat1/WannaEat1/WannaEat1/src/login/SelectOne.java</file>
            <file>file:/C:/Users/USER/Downloads/Compressed/WannaEat1/WannaEat1/WannaEat1/src/login/Dominos.java</file>
            <file>file:/C:/Users/USER/Downloads/Compressed/WannaEat1/WannaEat1/WannaEat1/src/login/Sultan.java</file>
            <file>file:/C:/Users/USER/Downloads/Compressed/WannaEat1/WannaEat1/WannaEat1/src/login/ChaTime.java</file>
        </group>
    </open-files>
</project-private>
